2,wavelength,frequency,flux,Hcont (erg/cm^2/s/Hz/ster),Hnu/Hcont
1,9.09,3.30E+16,1.00E-50,0,1
2,9.35,3.21E+16,1.00E-50,0,1
3,9.61,3.12E+16,1.00E-50,0,1
4,9.77,3.07E+16,1.00E-50,0,1
5,9.96,3.01E+16,1.00E-50,0,1
6,10.2,2.94E+16,1.00E-50,0,1
7,10.38,2.89E+16,1.00E-50,0,1
8,10.56,2.84E+16,1.00E-50,0,1
9,10.77,2.78E+16,1.00E-50,0,1
10,11.04,2.72E+16,1.00E-50,0,1
11,11.4,2.63E+16,1.00E-50,0,1
12,11.78,2.54E+16,1.00E-50,0,1
13,12.13,2.47E+16,1.00E-50,0,1
14,12.48,2.40E+16,1.00E-50,0,1
15,12.71,2.36E+16,1.00E-50,0,1
16,12.84,2.33E+16,1.00E-50,0,1
17,13.05,2.30E+16,1.00E-50,0,1
18,13.24,2.26E+16,1.00E-50,0,1
19,13.39,2.24E+16,1.00E-50,0,1
20,13.66,2.19E+16,1.00E-50,0,1
21,13.98,2.14E+16,1.00E-50,0,1
22,14.33,2.09E+16,1.00E-50,0,1
23,14.72,2.04E+16,1.00E-50,0,1
24,15.1,1.99E+16,1.00E-50,0,1
25,15.52,1.93E+16,1.00E-50,0,1
26,15.88,1.89E+16,1.00E-50,0,1
27,16.2,1.85E+16,1.00E-50,0,1
28,16.6,1.81E+16,1.00E-50,0,1
29,17.03,1.76E+16,1.00E-50,0,1
30,17.34,1.73E+16,1.00E-50,0,1
31,17.68,1.70E+16,1.00E-50,0,1
32,18.02,1.66E+16,1.00E-50,0,1
33,18.17,1.65E+16,1.00E-50,0,1
34,18.61,1.61E+16,1.00E-50,0,1
35,19.1,1.57E+16,1.00E-50,0,1
36,19.39,1.55E+16,1.00E-50,0,1
37,19.84,1.51E+16,1.00E-50,0,1
38,20.18,1.49E+16,1.00E-50,0,1
39,20.5,1.46E+16,1.00E-50,0,1
40,21.05,1.42E+16,1.00E-50,0,1
41,21.62,1.39E+16,1.00E-50,0,1
42,21.98,1.36E+16,1.00E-50,0,1
43,22.3,1.34E+16,1.00E-50,0,1
44,22.68,1.32E+16,1.00E-50,0,1
45,23,1.30E+16,1.00E-50,0,1
46,23.4,1.28E+16,1.00E-50,0,1
47,24,1.25E+16,1.00E-50,0,1
48,24.65,1.22E+16,1.00E-50,0,1
49,25.24,1.19E+16,1.00E-50,0,1
50,25.68,1.17E+16,1.00E-50,0,1
51,26,1.15E+16,1.00E-50,0,1
52,26.4,1.14E+16,1.00E-50,0,1
53,26.85,1.12E+16,1.00E-50,0,1
54,27.35,1.10E+16,1.00E-50,0,1
55,27.85,1.08E+16,1.00E-50,0,1
56,28.4,1.06E+16,1.00E-50,0,1
57,29,1.03E+16,1.00E-50,0,1
58,29.6,1.01E+16,1.00E-50,0,1
59,30.1,9.95988E+15,1.00E-50,0,1
60,30.8,9.73352E+15,1.00E-50,0,1
61,31.8,9.42744E+15,1.00E-50,0,1
62,32.8,9.14002E+15,1.00E-50,0,1
63,33.8,8.8696E+15,1.46E-37,1.46E-37,0.99999
64,34.8,8.61473E+15,1.71E-36,1.71E-36,0.99999
65,35.7,8.39755E+15,1.28E-35,1.28E-35,0.99999
66,36.6,8.19105E+15,8.66E-35,8.66E-35,1
67,37.5,7.99447E+15,5.32E-34,5.32E-34,0.99999
68,38.5,7.78682E+15,3.62E-33,3.62E-33,0.99999
69,39.5,7.58968E+15,2.23E-32,2.23E-32,0.99999
70,40.5,7.40228E+15,1.26E-31,1.26E-31,1
71,41.4,7.24137E+15,5.54E-31,5.54E-31,1
72,42.2,7.10409E+15,1.96E-30,1.96E-30,1
73,43,6.97192E+15,6.61E-30,6.61E-30,0.99997
74,44.1,6.79802E+15,3.27E-29,3.27E-29,1
75,45.1,6.64728E+15,1.31E-28,1.31E-28,1
76,46,6.51723E+15,4.32E-28,4.32E-28,1
77,47,6.37856E+15,1.54E-27,1.54E-27,0.99999
78,48,6.24568E+15,5.21E-27,5.21E-27,1
79,49,6.11821E+15,1.67E-26,1.67E-26,1
80,50,5.99585E+15,5.13E-26,5.13E-26,1
81,50.6,5.92475E+15,1.05E-25,1.08E-25,0.97056
82,51.2,5.85532E+15,2.02E-25,2.03E-25,0.9976
83,52,5.76524E+15,4.59E-25,4.60E-25,0.99788
84,53,5.65646E+15,1.23E-24,1.23E-24,0.99995
85,54,5.55171E+15,3.19E-24,3.19E-24,0.99846
86,55,5.45077E+15,7.97E-24,7.97E-24,0.99997
87,56,5.35344E+15,1.93E-23,1.93E-23,0.99999
88,57,5.25952E+15,4.51E-23,4.51E-23,1
89,58,5.16884E+15,1.02E-22,1.02E-22,0.99829
90,59,5.08123E+15,2.26E-22,2.26E-22,0.99998
91,60,4.99654E+15,4.85E-22,4.85E-22,0.99998
92,61,4.91463E+15,1.02E-21,1.02E-21,1
93,62,4.83536E+15,2.07E-21,2.07E-21,0.99999
94,63,4.75861E+15,4.14E-21,4.14E-21,0.99999
95,64,4.68426E+15,8.08E-21,8.08E-21,0.99998
96,65,4.61219E+15,1.54E-20,1.54E-20,1
97,65.8,4.55612E+15,2.56E-20,2.56E-20,1
98,66.5,4.50816E+15,3.93E-20,3.93E-20,0.99999
99,67.5,4.44137E+15,7.16E-20,7.16E-20,0.99999
100,68.5,4.37653E+15,1.28E-19,1.28E-19,0.99998
101,69.5,4.31356E+15,2.25E-19,2.25E-19,1
102,70.5,4.25238E+15,3.88E-19,3.88E-19,0.99995
103,71.6,4.18705E+15,6.96E-19,6.96E-19,1
104,72.6,4.12937E+15,1.16E-18,1.16E-18,1
105,73.5,4.07881E+15,1.83E-18,1.83E-18,1
106,74.5,4.02406E+15,2.98E-18,2.98E-18,0.99999
107,75.5,3.97076E+15,4.78E-18,4.78E-18,0.99999
108,76.5,3.91886E+15,7.59E-18,7.59E-18,0.99999
109,77.5,3.86829E+15,1.19E-17,1.19E-17,0.99999
110,78.5,3.81901E+15,1.84E-17,1.84E-17,1
111,79.5,3.77098E+15,2.82E-17,2.82E-17,0.99985
112,80.5,3.72413E+15,4.26E-17,4.26E-17,0.99997
113,81.5,3.67844E+15,6.39E-17,6.39E-17,1
114,82.5,3.63385E+15,9.47E-17,9.47E-17,1
115,83.5,3.59033E+15,1.39E-16,1.39E-16,0.99998
116,84.5,3.54784E+15,2.02E-16,2.02E-16,1
117,85.5,3.50635E+15,2.91E-16,2.91E-16,1
118,86.5,3.46581E+15,4.16E-16,4.16E-16,1
119,87.5,3.4262E+15,5.90E-16,5.90E-16,0.99997
120,88.5,3.38749E+15,8.28E-16,8.28E-16,1
121,89.5,3.34964E+15,1.15E-15,1.15E-15,1
122,90.5,3.31262E+15,1.60E-15,1.60E-15,0.99992
123,91.5,3.27642E+15,1.13E-13,1.48E-12,0.07623
124,92.5,3.241E+15,7.98E-13,1.91E-12,0.41847
125,93.5,3.20634E+15,1.18E-12,2.41E-12,0.49183
126,94.5,3.17241E+15,1.82E-12,3.01E-12,0.60496
127,95.5,3.13919E+15,2.82E-12,3.86E-12,0.73053
128,96.5,3.10666E+15,3.46E-12,4.41E-12,0.78566
129,97.5,3.0748E+15,2.80E-12,4.61E-12,0.6069
130,98.5,3.04358E+15,5.78E-12,7.12E-12,0.81111
131,99.5,3.01299E+15,6.57E-12,8.49E-12,0.774
132,100.5,2.98301E+15,8.29E-12,9.85E-12,0.84146
133,101.5,2.95362E+15,7.83E-12,1.02E-11,0.76941
134,102.5,2.92481E+15,7.48E-12,1.54E-11,0.48652
135,103.5,2.89655E+15,1.20E-11,1.75E-11,0.68605
136,104.5,2.86883E+15,1.89E-11,2.17E-11,0.86888
137,105.5,2.84164E+15,2.38E-11,2.62E-11,0.90969
138,106.5,2.81495E+15,2.75E-11,3.13E-11,0.88035
139,107.5,2.78877E+15,3.42E-11,3.72E-11,0.91907
140,108.5,2.76307E+15,4.05E-11,4.40E-11,0.9197
141,109.5,2.73783E+15,4.53E-11,5.18E-11,0.87274
142,110.5,2.71305E+15,5.39E-10,1.97E-08,0.02739
143,111.5,2.68872E+15,4.69E-09,2.19E-08,0.2145
144,112.5,2.66482E+15,5.34E-09,2.07E-08,0.25803
145,113.5,2.64134E+15,5.23E-09,1.89E-08,0.27657
146,114.5,2.61828E+15,3.24E-09,1.27E-08,0.25559
147,115.5,2.59561E+15,1.80E-09,6.35E-09,0.28358
148,116.5,2.57333E+15,8.10E-10,2.34E-09,0.34626
149,117.5,2.55143E+15,2.83E-10,5.96E-10,0.47509
150,118.5,2.5299E+15,1.88E-08,1.61E-07,0.11655
151,119.5,2.50872E+15,8.31E-11,1.68E-07,0.00049
152,120.5,2.48791E+15,5.00E-11,1.74E-07,0.00029
153,121.5,2.46743E+15,1.14E-11,1.79E-07,6.00E-05
154,122.5,2.44729E+15,5.69E-11,2.18E-07,0.00026
155,123.5,2.42747E+15,1.56E-10,2.22E-07,0.0007
156,124.5,2.40797E+15,2.74E-10,2.80E-10,0.97771
157,125.5,2.38879E+15,1.71E-09,9.39E-09,0.18229
158,126.5,2.3699E+15,5.80E-09,5.15E-08,0.11269
159,127.5,2.35131E+15,3.52E-08,9.46E-08,0.37221
160,128.5,2.33302E+15,7.78E-08,1.50E-07,0.5192
161,129.5,2.315E+15,9.71E-08,2.04E-07,0.47652
162,130.5,2.29726E+15,5.47E-08,2.69E-07,0.20324
163,131.5,2.27979E+15,1.69E-07,3.32E-07,0.50949
164,132.5,2.26259E+15,2.40E-07,3.98E-07,0.60205
165,133.5,2.24564E+15,2.18E-07,4.61E-07,0.47236
166,134.5,2.22894E+15,3.68E-07,5.24E-07,0.70246
167,135.5,2.21249E+15,3.89E-07,5.85E-07,0.66445
168,136.5,2.19628E+15,3.64E-07,6.46E-07,0.56338
169,137.5,2.18031E+15,4.36E-07,7.04E-07,0.61881
170,138.5,2.16457E+15,4.93E-07,7.62E-07,0.64663
171,139.5,2.14905E+15,5.57E-07,8.17E-07,0.68231
172,140.5,2.13375E+15,6.18E-07,8.71E-07,0.70926
173,141.5,2.11868E+15,5.89E-07,9.22E-07,0.63826
174,142.5,2.10381E+15,6.88E-07,9.77E-07,0.70393
175,143.5,2.08915E+15,6.60E-07,1.02E-06,0.64375
176,144.2,2.07901E+15,7.53E-07,1.06E-06,0.71114
177,144.7,2.07182E+15,8.53E-07,1.12E-06,0.75948
178,145.5,2.06043E+15,8.92E-07,1.16E-06,0.76903
179,146.5,2.04637E+15,8.48E-07,1.21E-06,0.70269
180,147.5,2.03249E+15,8.39E-07,1.25E-06,0.67012
181,148.5,2.01881E+15,9.40E-07,1.30E-06,0.72508
182,149.5,2.0053E+15,1.04E-06,1.34E-06,0.77716
183,150.5,1.99198E+15,1.11E-06,1.38E-06,0.80126
184,151.2,1.98276E+15,1.05E-06,1.41E-06,0.74298
185,151.7,1.97622E+15,1.14E-06,1.47E-06,0.77316
186,152.5,1.96585E+15,1.08E-06,1.58E-06,0.6854
187,153.5,1.95305E+15,1.06E-06,1.65E-06,0.64163
188,154.5,1.94041E+15,1.30E-06,1.69E-06,0.76646
189,155.5,1.92793E+15,1.19E-06,1.73E-06,0.6864
190,156.5,1.91561E+15,1.15E-06,1.78E-06,0.64668
191,157.5,1.90344E+15,1.24E-06,1.82E-06,0.68456
192,158.5,1.89144E+15,1.39E-06,1.86E-06,0.75042
193,159.5,1.87958E+15,1.57E-06,1.90E-06,0.8272
194,160.5,1.86787E+15,1.47E-06,1.93E-06,0.7605
195,161.5,1.8563E+15,1.48E-06,1.97E-06,0.75046
196,162.5,1.84488E+15,1.38E-06,2.01E-06,0.68789
197,163.5,1.83359E+15,1.48E-06,2.05E-06,0.72205
198,164.5,1.82245E+15,1.58E-06,2.08E-06,0.75982
199,165.5,1.81144E+15,1.36E-06,2.12E-06,0.63989
200,166.5,1.80056E+15,1.65E-06,2.15E-06,0.76409
201,167.2,1.79302E+15,1.01E-06,2.18E-06,0.46495
202,167.7,1.78767E+15,1.59E-06,2.21E-06,0.71929
203,168.5,1.77918E+15,1.81E-06,2.24E-06,0.80728
204,169.5,1.76869E+15,1.73E-06,2.27E-06,0.76197
205,170.5,1.75831E+15,1.66E-06,2.31E-06,0.721
206,171.5,1.74806E+15,1.74E-06,2.34E-06,0.7419
207,172.5,1.73793E+15,1.76E-06,2.37E-06,0.74118
208,173.5,1.72791E+15,1.90E-06,2.40E-06,0.78888
209,174.5,1.71801E+15,1.86E-06,2.44E-06,0.76424
210,175.5,1.70822E+15,2.10E-06,2.47E-06,0.85175
211,176.5,1.69854E+15,1.87E-06,2.50E-06,0.74981
212,177.5,1.68897E+15,2.08E-06,2.53E-06,0.82076
213,178.5,1.67951E+15,2.06E-06,2.56E-06,0.80392
214,179.5,1.67015E+15,2.33E-06,2.59E-06,0.90126
215,180.5,1.6609E+15,2.25E-06,2.62E-06,0.85767
216,181.5,1.65175E+15,2.29E-06,2.65E-06,0.86303
217,182.5,1.6427E+15,2.22E-06,2.68E-06,0.83012
218,183.5,1.63375E+15,2.19E-06,2.71E-06,0.81014
219,184.5,1.62489E+15,2.09E-06,2.74E-06,0.76337
220,185.5,1.61613E+15,2.18E-06,2.77E-06,0.78835
221,186.5,1.60747E+15,2.21E-06,2.79E-06,0.78956
222,187.5,1.59889E+15,2.39E-06,2.82E-06,0.84605
223,188.5,1.59041E+15,2.42E-06,2.85E-06,0.84793
224,189.5,1.58202E+15,2.40E-06,2.88E-06,0.8334
225,190.5,1.57371E+15,2.32E-06,2.91E-06,0.79778
226,191.5,1.5655E+15,2.45E-06,2.93E-06,0.83567
227,192.5,1.55736E+15,2.53E-06,2.96E-06,0.85283
228,193.5,1.54932E+15,2.51E-06,2.99E-06,0.84069
229,194.5,1.54135E+15,2.69E-06,3.02E-06,0.89255
230,195.5,1.53347E+15,2.69E-06,3.04E-06,0.88468
231,196.7,1.52411E+15,2.80E-06,3.07E-06,0.91155
232,197.6,1.51717E+15,2.79E-06,3.10E-06,0.90067
233,198.4,1.51105E+15,2.76E-06,3.12E-06,0.88381
234,199.5,1.50272E+15,2.71E-06,3.15E-06,0.86171
235,200.5,1.49522E+15,2.74E-06,3.17E-06,0.86373
236,201.5,1.4878E+15,2.64E-06,3.20E-06,0.82343
237,202.5,1.48046E+15,2.70E-06,3.23E-06,0.83614
238,203.5,1.47318E+15,2.78E-06,3.25E-06,0.85534
239,204.5,1.46598E+15,2.91E-06,3.28E-06,0.88851
240,205.5,1.45884E+15,2.79E-06,3.30E-06,0.84432
241,206.5,1.45178E+15,2.77E-06,3.33E-06,0.8331
242,207.4,1.44548E+15,3.01E-06,3.35E-06,0.89757
243,207.8,1.4427E+15,3.09E-06,3.36E-06,0.91761
244,208.5,1.43785E+15,3.08E-06,3.38E-06,0.90954
245,209.5,1.43099E+15,3.01E-06,3.41E-06,0.88344
246,210.5,1.42419E+15,2.98E-06,3.43E-06,0.86891
247,211.5,1.41746E+15,3.00E-06,3.46E-06,0.8682
248,212.5,1.41079E+15,3.07E-06,3.48E-06,0.88197
249,213.5,1.40418E+15,2.62E-06,3.51E-06,0.74668
250,214.5,1.39763E+15,2.97E-06,3.53E-06,0.83993
251,215.5,1.39115E+15,3.08E-06,3.56E-06,0.86564
252,216.5,1.38472E+15,2.98E-06,3.58E-06,0.83289
253,217.5,1.37836E+15,2.97E-06,3.61E-06,0.82285
254,218.5,1.37205E+15,2.99E-06,3.63E-06,0.82321
255,219.5,1.3658E+15,3.24E-06,3.66E-06,0.88674
256,220.5,1.3596E+15,3.15E-06,3.68E-06,0.85369
257,221.5,1.35347E+15,2.89E-06,3.71E-06,0.77903
258,222.5,1.34738E+15,2.86E-06,3.73E-06,0.766
259,223.5,1.34135E+15,3.25E-06,3.76E-06,0.86306
260,224.5,1.33538E+15,2.95E-06,3.79E-06,0.77853
261,225.5,1.32946E+15,2.93E-06,3.81E-06,0.76897
262,226.5,1.32359E+15,2.99E-06,3.84E-06,0.77824
263,227.5,1.31777E+15,3.24E-06,3.86E-06,0.83869
264,228.5,1.312E+15,3.37E-06,3.89E-06,0.86657
265,229.5,1.30629E+15,3.19E-06,3.91E-06,0.8151
266,230.5,1.30062E+15,3.19E-06,3.94E-06,0.811
267,231.5,1.295E+15,3.13E-06,3.96E-06,0.78897
268,232.5,1.28943E+15,3.15E-06,3.99E-06,0.78989
269,233.5,1.28391E+15,2.95E-06,4.02E-06,0.73369
270,234.5,1.27843E+15,2.68E-06,4.04E-06,0.66245
271,235.5,1.273E+15,3.21E-06,4.07E-06,0.79033
272,236.5,1.26762E+15,2.78E-06,4.09E-06,0.67888
273,237.5,1.26228E+15,3.10E-06,4.12E-06,0.75355
274,238.5,1.25699E+15,2.58E-06,4.15E-06,0.62192
275,239.5,1.25174E+15,2.94E-06,4.17E-06,0.70447
276,240.5,1.24654E+15,2.82E-06,4.20E-06,0.67094
277,241.5,1.24138E+15,2.98E-06,4.22E-06,0.70555
278,242.5,1.23626E+15,3.32E-06,4.25E-06,0.78129
279,243.5,1.23118E+15,3.24E-06,4.28E-06,0.75651
280,244.5,1.22615E+15,3.48E-06,4.31E-06,0.80881
281,245.5,1.22115E+15,3.38E-06,4.33E-06,0.78016
282,246.5,1.2162E+15,3.38E-06,4.36E-06,0.7751
283,247.5,1.21128E+15,3.27E-06,4.39E-06,0.74642
284,248.5,1.20641E+15,3.51E-06,4.41E-06,0.7952
285,249.5,1.20157E+15,3.44E-06,4.44E-06,0.77399
286,250.5,1.19678E+15,3.80E-06,4.47E-06,0.85103
287,251.3,1.19297E+15,3.45E-06,4.49E-06,0.76792
288,251.8,1.1906E+15,3.56E-06,4.51E-06,0.79068
289,252.5,1.1873E+15,3.32E-06,4.53E-06,0.73449
290,253.5,1.18261E+15,3.29E-06,4.55E-06,0.72221
291,254.5,1.17797E+15,3.37E-06,4.58E-06,0.73566
292,255.5,1.17336E+15,3.59E-06,4.61E-06,0.7781
293,256.5,1.16878E+15,3.58E-06,4.64E-06,0.77196
294,257.5,1.16424E+15,3.86E-06,4.67E-06,0.82744
295,258.5,1.15974E+15,3.85E-06,4.70E-06,0.81868
296,259.5,1.15527E+15,3.76E-06,4.73E-06,0.7965
297,260.5,1.15084E+15,3.61E-06,4.76E-06,0.76005
298,261.5,1.14643E+15,3.61E-06,4.78E-06,0.75457
299,262.5,1.14207E+15,3.91E-06,4.81E-06,0.81266
300,263.5,1.13773E+15,4.00E-06,4.84E-06,0.82659
301,264.5,1.13343E+15,4.54E-06,4.87E-06,0.93222
302,265.5,1.12916E+15,4.51E-06,4.90E-06,0.92049
303,266.5,1.12493E+15,4.21E-06,4.93E-06,0.85364
304,267.5,1.12072E+15,4.40E-06,4.96E-06,0.88735
305,268.5,1.11655E+15,4.42E-06,4.99E-06,0.88455
306,269.5,1.1124E+15,4.27E-06,5.02E-06,0.85022
307,270.5,1.10829E+15,4.40E-06,5.05E-06,0.87151
308,271.5,1.10421E+15,4.23E-06,5.08E-06,0.83179
309,272.5,1.10016E+15,4.32E-06,5.11E-06,0.84388
310,273.5,1.09613E+15,4.69E-06,5.15E-06,0.91088
311,274.5,1.09214E+15,3.94E-06,5.18E-06,0.76117
312,275.5,1.08818E+15,4.09E-06,5.21E-06,0.78458
313,276.5,1.08424E+15,4.29E-06,5.24E-06,0.81839
314,277.5,1.08033E+15,4.67E-06,5.27E-06,0.88544
315,278.5,1.07645E+15,4.63E-06,5.30E-06,0.87272
316,279.5,1.0726E+15,3.39E-06,5.33E-06,0.63502
317,280.5,1.06878E+15,3.85E-06,5.36E-06,0.71826
318,281.5,1.06498E+15,4.91E-06,5.40E-06,0.9106
319,282.5,1.06121E+15,5.00E-06,5.43E-06,0.92106
320,283.5,1.05747E+15,4.85E-06,5.46E-06,0.88901
321,284.5,1.05375E+15,4.76E-06,5.49E-06,0.86613
322,285.5,1.05006E+15,4.65E-06,5.52E-06,0.84155
323,286.5,1.0464E+15,4.94E-06,5.56E-06,0.88845
324,287.5,1.04276E+15,4.85E-06,5.59E-06,0.86776
325,288.5,1.03914E+15,5.01E-06,5.62E-06,0.89148
326,289.5,1.03555E+15,4.86E-06,5.65E-06,0.85954
327,291,1.03022E+15,5.39E-06,5.70E-06,0.94515
328,293,1.02318E+15,5.29E-06,5.77E-06,0.91783
329,295,1.01625E+15,5.36E-06,5.83E-06,0.9189
330,297,1.0094E+15,5.53E-06,5.90E-06,0.93665
331,299,1.00265E+15,5.65E-06,5.97E-06,0.94668
332,301,9.95988E+14,5.83E-06,6.03E-06,0.96684
333,303,9.89414E+14,5.88E-06,6.10E-06,0.96399
334,305,9.82926E+14,5.90E-06,6.17E-06,0.95668
335,307,9.76523E+14,5.90E-06,6.23E-06,0.94655
336,309,9.70202E+14,6.11E-06,6.30E-06,0.96894
337,311,9.63963E+14,6.05E-06,6.37E-06,0.95028
338,313,9.57804E+14,6.08E-06,6.44E-06,0.94491
339,315,9.51722E+14,6.26E-06,6.51E-06,0.96205
340,317,9.45718E+14,6.32E-06,6.58E-06,0.96133
341,319,9.39788E+14,6.21E-06,6.64E-06,0.93453
342,321,9.33933E+14,6.43E-06,6.71E-06,0.9571
343,323,9.2815E+14,6.39E-06,6.78E-06,0.94246
344,325,9.22439E+14,6.55E-06,6.85E-06,0.95543
345,327,9.16797E+14,6.64E-06,6.92E-06,0.95972
346,329,9.11223E+14,6.80E-06,6.99E-06,0.97276
347,331,9.05718E+14,6.92E-06,7.06E-06,0.97942
348,333,9.00278E+14,6.88E-06,7.13E-06,0.96455
349,335,8.94903E+14,6.86E-06,7.20E-06,0.95289
350,337,8.89592E+14,6.98E-06,7.27E-06,0.96064
351,339,8.84344E+14,7.04E-06,7.34E-06,0.95888
352,341,8.79157E+14,7.26E-06,7.41E-06,0.97951
353,343,8.74031E+14,7.35E-06,7.48E-06,0.98228
354,345,8.68964E+14,7.41E-06,7.55E-06,0.98216
355,347,8.63955E+14,7.41E-06,7.62E-06,0.97338
356,349,8.59004E+14,7.48E-06,7.69E-06,0.97304
357,351,8.5411E+14,7.64E-06,7.76E-06,0.98572
358,353,8.49271E+14,7.77E-06,7.82E-06,0.99354
359,355,8.44486E+14,7.86E-06,7.89E-06,0.99615
360,357,8.39755E+14,7.86E-06,7.96E-06,0.98651
361,359,8.35077E+14,7.93E-06,8.03E-06,0.9868
362,361,8.3045E+14,8.02E-06,8.10E-06,0.98964
363,363,8.25875E+14,8.09E-06,8.17E-06,0.98985
364,364,8.23606E+14,8.08E-06,8.20E-06,0.98556
365,365,8.21349E+14,8.29E-06,3.21E-05,0.25798
366,367,8.16873E+14,8.30E-06,3.22E-05,0.25787
367,369,8.12446E+14,9.41E-06,3.22E-05,0.2919
368,371,8.08066E+14,1.36E-05,3.23E-05,0.42002
369,373,8.03733E+14,2.17E-05,3.23E-05,0.67256
370,375,7.99447E+14,2.68E-05,3.24E-05,0.82757
371,377,7.95206E+14,2.68E-05,3.24E-05,0.82615
372,379,7.91009E+14,2.85E-05,3.24E-05,0.87963
373,381,7.86857E+14,3.09E-05,3.25E-05,0.9522
374,383,7.82748E+14,2.72E-05,3.25E-05,0.83557
375,385,7.78682E+14,3.16E-05,3.25E-05,0.97289
376,387,7.74658E+14,3.20E-05,3.25E-05,0.98189
377,389,7.70675E+14,2.75E-05,3.26E-05,0.84563
378,391,7.66733E+14,3.18E-05,3.26E-05,0.97708
379,393,7.62831E+14,3.11E-05,3.26E-05,0.95252
380,395,7.58968E+14,3.24E-05,3.26E-05,0.99219
381,397,7.55145E+14,2.70E-05,3.26E-05,0.82723
382,399,7.5136E+14,3.25E-05,3.26E-05,0.99401
383,401,7.47612E+14,3.24E-05,3.27E-05,0.99102
384,403,7.43902E+14,3.23E-05,3.27E-05,0.98941
385,405,7.40228E+14,3.24E-05,3.27E-05,0.9919
386,407,7.36591E+14,3.22E-05,3.27E-05,0.9859
387,409,7.32989E+14,3.21E-05,3.27E-05,0.98281
388,411,7.29422E+14,2.78E-05,3.27E-05,0.85108
389,413,7.2589E+14,3.23E-05,3.27E-05,0.98796
390,415,7.22392E+14,3.25E-05,3.27E-05,0.99609
391,417,7.18927E+14,3.22E-05,3.27E-05,0.986
392,419,7.15495E+14,3.24E-05,3.27E-05,0.9921
393,421,7.12096E+14,3.24E-05,3.27E-05,0.99348
394,423,7.08729E+14,3.23E-05,3.26E-05,0.98937
395,425,7.05394E+14,3.22E-05,3.26E-05,0.9874
396,427,7.0209E+14,3.23E-05,3.26E-05,0.99012
397,429,6.98817E+14,3.22E-05,3.26E-05,0.98785
398,431,6.95574E+14,3.18E-05,3.26E-05,0.97443
399,433,6.92361E+14,3.11E-05,3.26E-05,0.95485
400,435,6.89178E+14,2.79E-05,3.26E-05,0.85568
401,437,6.86024E+14,3.23E-05,3.25E-05,0.99421
402,439,6.82899E+14,3.19E-05,3.25E-05,0.98254
403,441,6.79802E+14,3.20E-05,3.25E-05,0.98417
404,443,6.76733E+14,3.23E-05,3.25E-05,0.99559
405,445,6.73691E+14,3.22E-05,3.24E-05,0.99137
406,447,6.70677E+14,3.21E-05,3.24E-05,0.99083
407,449,6.67689E+14,3.19E-05,3.24E-05,0.98425
408,451,6.64728E+14,3.20E-05,3.24E-05,0.98738
409,453,6.61794E+14,3.19E-05,3.23E-05,0.98555
410,455,6.58885E+14,3.15E-05,3.23E-05,0.97514
411,457,6.56001E+14,3.19E-05,3.23E-05,0.98876
412,459,6.53143E+14,3.17E-05,3.22E-05,0.98335
413,461,6.50309E+14,3.22E-05,3.22E-05,0.9987
414,463,6.475E+14,3.17E-05,3.22E-05,0.98648
415,465,6.44715E+14,3.21E-05,3.21E-05,0.9982
416,467,6.41954E+14,3.20E-05,3.21E-05,0.99649
417,469,6.39216E+14,3.20E-05,3.20E-05,0.99805
418,471,6.36502E+14,3.17E-05,3.20E-05,0.9918
419,473,6.33811E+14,3.19E-05,3.20E-05,0.99814
420,475,6.31142E+14,3.19E-05,3.19E-05,0.99917
421,477,6.28496E+14,3.18E-05,3.19E-05,0.99896
422,479,6.25872E+14,3.18E-05,3.18E-05,0.99897
423,481,6.23269E+14,3.17E-05,3.18E-05,0.99815
424,483,6.20688E+14,3.16E-05,3.17E-05,0.99634
425,485,6.18129E+14,3.06E-05,3.17E-05,0.96422
426,487,6.1559E+14,2.63E-05,3.17E-05,0.83012
427,489,6.13073E+14,3.15E-05,3.16E-05,0.9966
428,491,6.10575E+14,3.15E-05,3.16E-05,0.99856
429,493,6.08098E+14,3.12E-05,3.15E-05,0.99112
430,495,6.05641E+14,3.14E-05,3.15E-05,0.99869
431,497,6.03204E+14,3.14E-05,3.14E-05,0.99966
432,499,6.00787E+14,3.13E-05,3.14E-05,0.99819
433,501,5.98388E+14,3.09E-05,3.13E-05,0.98876
434,503,5.96009E+14,3.12E-05,3.12E-05,0.99727
435,505,5.93649E+14,3.10E-05,3.12E-05,0.99452
436,507,5.91307E+14,3.11E-05,3.11E-05,0.99851
437,509,5.88983E+14,3.10E-05,3.11E-05,0.99871
438,511,5.86678E+14,3.10E-05,3.10E-05,0.99801
439,513,5.84391E+14,3.09E-05,3.10E-05,0.99744
440,515,5.82121E+14,3.08E-05,3.09E-05,0.99689
441,517,5.79869E+14,3.05E-05,3.09E-05,0.98748
442,519,5.77635E+14,3.05E-05,3.08E-05,0.98935
443,521,5.75418E+14,3.07E-05,3.07E-05,0.9972
444,523,5.73217E+14,3.04E-05,3.07E-05,0.98941
445,525,5.71033E+14,3.05E-05,3.06E-05,0.99718
446,527,5.68866E+14,3.02E-05,3.06E-05,0.98931
447,529,5.66716E+14,3.04E-05,3.05E-05,0.99733
448,531,5.64581E+14,3.01E-05,3.05E-05,0.99
449,533,5.62463E+14,3.02E-05,3.04E-05,0.99525
450,535,5.6036E+14,3.03E-05,3.03E-05,0.99907
451,537,5.58273E+14,3.02E-05,3.03E-05,0.99775
452,539,5.56201E+14,3.02E-05,3.02E-05,0.99829
453,541,5.54145E+14,3.01E-05,3.01E-05,0.99752
454,543,5.52104E+14,3.00E-05,3.01E-05,0.99675
455,545,5.50078E+14,3.00E-05,3.00E-05,0.99898
456,547,5.48067E+14,2.99E-05,3.00E-05,0.99859
457,549,5.4607E+14,2.99E-05,2.99E-05,0.99902
458,551,5.44088E+14,2.98E-05,2.98E-05,0.9983
459,553,5.4212E+14,2.97E-05,2.98E-05,0.99735
460,555,5.40167E+14,2.97E-05,2.97E-05,0.99956
461,557,5.38227E+14,2.96E-05,2.96E-05,0.99923
462,559,5.36301E+14,2.96E-05,2.96E-05,0.99948
463,561,5.3439E+14,2.95E-05,2.95E-05,0.99973
464,563,5.32491E+14,2.94E-05,2.94E-05,0.99963
465,565,5.30606E+14,2.93E-05,2.94E-05,0.99878
466,567,5.28735E+14,2.93E-05,2.93E-05,0.99922
467,569,5.26876E+14,2.92E-05,2.92E-05,0.99979
468,571,5.25031E+14,2.92E-05,2.92E-05,0.99986
469,573,5.23198E+14,2.91E-05,2.91E-05,0.99985
470,575,5.21378E+14,2.90E-05,2.91E-05,0.99983
471,577,5.19571E+14,2.90E-05,2.90E-05,0.99987
472,579,5.17776E+14,2.89E-05,2.89E-05,0.9996
473,581,5.15994E+14,2.88E-05,2.89E-05,0.99972
474,583,5.14224E+14,2.88E-05,2.88E-05,0.99958
475,585,5.12466E+14,2.87E-05,2.87E-05,0.99987
476,587,5.1072E+14,2.86E-05,2.87E-05,0.99823
477,589,5.08986E+14,2.85E-05,2.86E-05,0.99753
478,591,5.07263E+14,2.85E-05,2.85E-05,0.99973
479,593,5.05552E+14,2.84E-05,2.85E-05,0.99984
480,595,5.03853E+14,2.84E-05,2.84E-05,0.99901
481,597,5.02165E+14,2.83E-05,2.83E-05,0.99966
482,599,5.00488E+14,2.82E-05,2.82E-05,0.99862
483,601,4.98823E+14,2.82E-05,2.82E-05,0.99974
484,603,4.97168E+14,2.81E-05,2.81E-05,0.99986
485,605,4.95525E+14,2.80E-05,2.80E-05,0.99968
486,607,4.93892E+14,2.80E-05,2.80E-05,0.99976
487,609,4.9227E+14,2.79E-05,2.79E-05,0.99964
488,611,4.90659E+14,2.78E-05,2.78E-05,0.99961
489,613,4.89058E+14,2.78E-05,2.78E-05,0.99964
490,615,4.87468E+14,2.76E-05,2.77E-05,0.99614
491,617,4.85887E+14,2.76E-05,2.76E-05,0.99964
492,619,4.84317E+14,2.76E-05,2.76E-05,0.99977
493,621,4.82758E+14,2.75E-05,2.75E-05,0.99987
494,623,4.81208E+14,2.74E-05,2.74E-05,0.99958
495,625,4.79668E+14,2.73E-05,2.74E-05,0.99556
496,627,4.78138E+14,2.73E-05,2.73E-05,0.99992
497,629,4.76618E+14,2.72E-05,2.72E-05,0.99984
498,631,4.75107E+14,2.72E-05,2.72E-05,0.99902
499,633,4.73606E+14,2.71E-05,2.71E-05,0.99976
500,635,4.72114E+14,2.69E-05,2.70E-05,0.99545
501,637,4.70632E+14,2.69E-05,2.70E-05,0.99651
502,639,4.69159E+14,2.69E-05,2.69E-05,0.99952
503,641,4.67695E+14,2.68E-05,2.68E-05,0.99899
504,643,4.6624E+14,2.68E-05,2.68E-05,0.99947
505,645,4.64795E+14,2.66E-05,2.67E-05,0.99727
506,647,4.63358E+14,2.66E-05,2.66E-05,0.9999
507,649,4.6193E+14,2.65E-05,2.66E-05,0.99872
508,651,4.60511E+14,2.64E-05,2.65E-05,0.99772
509,653,4.591E+14,2.63E-05,2.64E-05,0.9944
510,655,4.57699E+14,2.51E-05,2.64E-05,0.95149
511,657,4.56305E+14,2.05E-05,2.63E-05,0.77954
512,659,4.5492E+14,2.60E-05,2.62E-05,0.9888
513,661,4.53544E+14,2.61E-05,2.62E-05,0.99677
514,663,4.52176E+14,2.61E-05,2.61E-05,0.99948
515,665,4.50816E+14,2.60E-05,2.60E-05,0.99988
516,667,4.49464E+14,2.60E-05,2.60E-05,0.99952
517,669,4.4812E+14,2.59E-05,2.59E-05,0.99963
518,671,4.46785E+14,2.58E-05,2.58E-05,0.99991
519,673,4.45457E+14,2.58E-05,2.58E-05,0.99968
520,675,4.44137E+14,2.57E-05,2.57E-05,0.9999
521,677,4.42825E+14,2.57E-05,2.57E-05,0.99997
522,679,4.41521E+14,2.56E-05,2.56E-05,0.99989
523,681,4.40224E+14,2.55E-05,2.55E-05,0.99993
524,683,4.38935E+14,2.55E-05,2.55E-05,0.99972
525,685,4.37653E+14,2.54E-05,2.54E-05,0.99983
526,687,4.36379E+14,2.53E-05,2.53E-05,0.99988
527,689,4.35113E+14,2.53E-05,2.53E-05,0.99991
528,691,4.33853E+14,2.52E-05,2.52E-05,0.99986
529,693,4.32601E+14,2.51E-05,2.51E-05,0.9998
530,695,4.31356E+14,2.51E-05,2.51E-05,0.99989
531,697,4.30118E+14,2.50E-05,2.50E-05,0.99987
532,699,4.28888E+14,2.49E-05,2.49E-05,0.99994
533,701,4.27664E+14,2.49E-05,2.49E-05,0.99947
534,703,4.26447E+14,2.48E-05,2.48E-05,0.99991
535,705,4.25238E+14,2.47E-05,2.48E-05,0.99966
536,707,4.24035E+14,2.47E-05,2.47E-05,0.99964
537,709,4.22839E+14,2.46E-05,2.46E-05,0.99998
538,711,4.21649E+14,2.45E-05,2.46E-05,0.99914
539,713,4.20466E+14,2.45E-05,2.45E-05,0.99974
540,715,4.1929E+14,2.44E-05,2.44E-05,0.99984
541,717,4.18121E+14,2.44E-05,2.44E-05,0.9999
542,719,4.16958E+14,2.43E-05,2.43E-05,0.99978
543,721,4.15801E+14,2.43E-05,2.43E-05,0.99984
544,723,4.14651E+14,2.42E-05,2.42E-05,0.99933
545,725,4.13507E+14,2.41E-05,2.41E-05,0.99977
546,727,4.12369E+14,2.41E-05,2.41E-05,0.99985
547,729,4.11238E+14,2.40E-05,2.40E-05,0.99965
548,731,4.10113E+14,2.39E-05,2.39E-05,0.9991
549,733,4.08994E+14,2.39E-05,2.39E-05,0.99963
550,735,4.07881E+14,2.38E-05,2.38E-05,0.99979
551,737,4.06774E+14,2.38E-05,2.38E-05,0.99998
552,739,4.05673E+14,2.37E-05,2.37E-05,0.99988
553,741,4.04578E+14,2.36E-05,2.36E-05,0.99971
554,743,4.03489E+14,2.36E-05,2.36E-05,0.99943
555,745,4.02406E+14,2.35E-05,2.35E-05,0.99945
556,747,4.01329E+14,2.34E-05,2.35E-05,0.99876
557,749,4.00257E+14,2.34E-05,2.34E-05,0.99946
558,751,3.99191E+14,2.33E-05,2.33E-05,0.9993
559,753,3.98131E+14,2.33E-05,2.33E-05,0.99985
560,755,3.97076E+14,2.32E-05,2.32E-05,0.99997
561,757,3.96027E+14,2.32E-05,2.32E-05,0.99986
562,759,3.94984E+14,2.31E-05,2.31E-05,0.99992
563,761,3.93946E+14,2.30E-05,2.30E-05,0.99998
564,763,3.92913E+14,2.30E-05,2.30E-05,0.99994
565,765,3.91886E+14,2.29E-05,2.29E-05,0.99965
566,767,3.90864E+14,2.29E-05,2.29E-05,0.99984
567,769,3.89847E+14,2.28E-05,2.28E-05,0.99991
568,771,3.88836E+14,2.27E-05,2.28E-05,0.99929
569,773,3.8783E+14,2.27E-05,2.27E-05,0.99994
570,775,3.86829E+14,2.26E-05,2.26E-05,0.99993
571,777,3.85833E+14,2.23E-05,2.26E-05,0.98674
572,779,3.84843E+14,2.25E-05,2.25E-05,0.99993
573,781,3.83857E+14,2.25E-05,2.25E-05,0.99997
574,783,3.82877E+14,2.24E-05,2.24E-05,0.99986
575,785,3.81901E+14,2.23E-05,2.24E-05,0.99955
576,787,3.80931E+14,2.23E-05,2.23E-05,0.99845
577,789,3.79965E+14,2.22E-05,2.22E-05,0.99729
578,791,3.79004E+14,2.22E-05,2.22E-05,0.99978
579,793,3.78049E+14,2.21E-05,2.21E-05,0.9999
580,795,3.77098E+14,2.21E-05,2.21E-05,0.99927
581,797,3.76151E+14,2.20E-05,2.20E-05,0.99998
582,799,3.7521E+14,2.19E-05,2.20E-05,0.99742
583,801,3.74273E+14,2.19E-05,2.19E-05,0.99992
584,803,3.73341E+14,2.19E-05,2.19E-05,0.99992
585,805,3.72413E+14,2.18E-05,2.18E-05,0.99995
586,807,3.7149E+14,2.17E-05,2.17E-05,0.99989
587,809,3.70572E+14,2.17E-05,2.17E-05,0.99992
588,811,3.69658E+14,2.16E-05,2.16E-05,0.9999
589,813,3.68749E+14,2.16E-05,2.16E-05,0.99998
590,815,3.67844E+14,2.15E-05,2.15E-05,0.99998
591,817,3.66943E+14,2.15E-05,2.15E-05,0.99998
592,819,3.66047E+14,2.14E-05,2.14E-05,0.99897
593,821,3.65155E+14,2.14E-05,2.60E-05,0.82289
594,823,3.64268E+14,2.14E-05,2.60E-05,0.8234
595,825,3.63385E+14,2.13E-05,2.59E-05,0.82412
596,827,3.62506E+14,2.13E-05,2.58E-05,0.82541
597,829,3.61632E+14,2.12E-05,2.58E-05,0.82342
598,831,3.60761E+14,2.11E-05,2.57E-05,0.81948
599,833,3.59895E+14,2.09E-05,2.56E-05,0.81496
600,835,3.59033E+14,2.10E-05,2.56E-05,0.82255
601,837,3.58175E+14,2.05E-05,2.55E-05,0.80468
602,839,3.57321E+14,2.09E-05,2.54E-05,0.82138
603,841,3.56472E+14,2.09E-05,2.54E-05,0.82338
604,843,3.55626E+14,2.16E-05,2.53E-05,0.85539
605,845,3.54784E+14,2.14E-05,2.52E-05,0.84932
606,847,3.53946E+14,2.09E-05,2.52E-05,0.8288
607,849,3.53113E+14,2.28E-05,2.51E-05,0.90944
608,851,3.52283E+14,2.08E-05,2.50E-05,0.83234
609,853,3.51457E+14,2.33E-05,2.50E-05,0.93406
610,855,3.50635E+14,2.07E-05,2.49E-05,0.83191
611,857,3.49816E+14,2.38E-05,2.48E-05,0.95936
612,859,3.49002E+14,2.29E-05,2.48E-05,0.92349
613,861,3.48191E+14,2.23E-05,2.47E-05,0.9026
614,863,3.47384E+14,2.45E-05,2.46E-05,0.99488
615,865,3.46581E+14,2.44E-05,2.46E-05,0.99075
616,867,3.45781E+14,2.08E-05,2.45E-05,0.85016
617,869,3.44986E+14,2.43E-05,2.45E-05,0.99393
618,871,3.44194E+14,2.44E-05,2.44E-05,0.99923
619,873,3.43405E+14,2.42E-05,2.43E-05,0.99607
620,875,3.4262E+14,2.09E-05,2.43E-05,0.85936
621,877,3.41839E+14,2.40E-05,2.42E-05,0.99063
622,879,3.41061E+14,2.41E-05,2.41E-05,0.99987
623,881,3.40287E+14,2.41E-05,2.41E-05,0.99942
624,883,3.39516E+14,2.40E-05,2.40E-05,0.99853
625,885,3.38749E+14,2.36E-05,2.39E-05,0.98417
626,887,3.37985E+14,2.06E-05,2.39E-05,0.86431
627,889,3.37224E+14,2.38E-05,2.38E-05,0.99746
628,891,3.36468E+14,2.37E-05,2.38E-05,0.99769
629,893,3.35714E+14,2.36E-05,2.37E-05,0.99662
630,895,3.34964E+14,2.36E-05,2.36E-05,0.99989
631,897,3.34217E+14,2.36E-05,2.36E-05,0.99989
632,899,3.33473E+14,2.35E-05,2.35E-05,0.99783
633,901,3.32733E+14,2.07E-05,2.35E-05,0.88138
634,903,3.31996E+14,2.26E-05,2.34E-05,0.96667
635,905,3.31262E+14,2.33E-05,2.33E-05,0.99918
636,907,3.30532E+14,2.31E-05,2.33E-05,0.99433
637,909,3.29805E+14,2.30E-05,2.32E-05,0.99038
638,911,3.29081E+14,2.31E-05,2.31E-05,0.99737
639,913,3.2836E+14,2.31E-05,2.31E-05,0.99898
640,915,3.27642E+14,2.30E-05,2.30E-05,0.99987
641,917,3.26928E+14,2.30E-05,2.30E-05,0.99939
642,919,3.26216E+14,2.29E-05,2.29E-05,0.99841
643,921,3.25508E+14,2.27E-05,2.28E-05,0.99323
644,923,3.24802E+14,1.94E-05,2.28E-05,0.85156
645,925,3.241E+14,2.24E-05,2.27E-05,0.9859
646,927,3.23401E+14,2.24E-05,2.27E-05,0.98712
647,929,3.22705E+14,2.26E-05,2.26E-05,0.9994
648,931,3.22011E+14,2.25E-05,2.26E-05,0.99983
649,933,3.21321E+14,2.25E-05,2.25E-05,0.99966
650,935,3.20634E+14,2.24E-05,2.24E-05,0.99988
651,937,3.19949E+14,2.24E-05,2.24E-05,0.99992
652,939,3.19268E+14,2.23E-05,2.23E-05,0.99885
653,941,3.18589E+14,2.21E-05,2.23E-05,0.99386
654,943,3.17914E+14,2.22E-05,2.22E-05,0.99955
655,945,3.17241E+14,2.21E-05,2.21E-05,0.99985
656,947,3.16571E+14,2.21E-05,2.21E-05,0.99971
657,949,3.15904E+14,2.20E-05,2.20E-05,0.99987
658,951,3.15239E+14,2.20E-05,2.20E-05,0.99951
659,953,3.14578E+14,2.17E-05,2.19E-05,0.99106
660,955,3.13919E+14,1.87E-05,2.19E-05,0.8567
661,957,3.13263E+14,2.17E-05,2.18E-05,0.99453
662,959,3.1261E+14,2.17E-05,2.18E-05,0.99991
663,961,3.11959E+14,2.17E-05,2.17E-05,0.9991
664,963,3.11311E+14,2.15E-05,2.16E-05,0.9959
665,965,3.10666E+14,2.16E-05,2.16E-05,0.99987
666,967,3.10023E+14,2.15E-05,2.15E-05,0.99716
667,969,3.09383E+14,2.15E-05,2.15E-05,0.99976
668,971,3.08746E+14,2.14E-05,2.14E-05,0.99998
669,973,3.08112E+14,2.14E-05,2.14E-05,0.99997
670,975,3.0748E+14,2.13E-05,2.13E-05,0.99987
671,977,3.0685E+14,2.13E-05,2.13E-05,0.99999
672,979,3.06223E+14,2.12E-05,2.12E-05,0.99998
673,981,3.05599E+14,2.11E-05,2.11E-05,0.99987
674,983,3.04977E+14,2.11E-05,2.11E-05,0.99973
675,985,3.04358E+14,2.10E-05,2.10E-05,0.99945
676,987,3.03741E+14,2.10E-05,2.10E-05,0.99972
677,989,3.03127E+14,2.09E-05,2.09E-05,0.99848
678,991,3.02515E+14,2.09E-05,2.09E-05,0.99988
679,993,3.01906E+14,2.08E-05,2.08E-05,0.9995
680,995,3.01299E+14,2.08E-05,2.08E-05,0.9998
681,997,3.00695E+14,2.07E-05,2.07E-05,0.99998
682,999,3.00093E+14,2.07E-05,2.07E-05,0.99991
683,1002.5,2.99045E+14,2.02E-05,2.06E-05,0.98184
684,1007.5,2.97561E+14,1.95E-05,2.04E-05,0.95271
685,1012.5,2.96091E+14,2.03E-05,2.03E-05,0.99874
686,1017.5,2.94636E+14,2.02E-05,2.02E-05,0.99974
687,1022.5,2.93196E+14,2.01E-05,2.01E-05,0.99993
688,1027.5,2.91769E+14,1.99E-05,1.99E-05,0.99994
689,1032.5,2.90356E+14,1.98E-05,1.98E-05,0.99976
690,1037.5,2.88957E+14,1.97E-05,1.97E-05,0.99987
691,1042.5,2.87571E+14,1.96E-05,1.96E-05,0.99994
692,1047.5,2.86198E+14,1.94E-05,1.94E-05,0.99935
693,1052.5,2.84839E+14,1.93E-05,1.93E-05,0.99942
694,1057.5,2.83492E+14,1.92E-05,1.92E-05,0.99981
695,1062.5,2.82158E+14,1.91E-05,1.91E-05,0.99982
696,1067.5,2.80836E+14,1.88E-05,1.90E-05,0.99453
697,1072.5,2.79527E+14,1.88E-05,1.88E-05,0.99809
698,1077.5,2.7823E+14,1.87E-05,1.87E-05,0.99963
699,1082.5,2.76945E+14,1.86E-05,1.86E-05,0.99928
700,1087.5,2.75671E+14,1.85E-05,1.85E-05,0.99951
701,1092.5,2.7441E+14,1.72E-05,1.84E-05,0.93424
702,1097.5,2.7316E+14,1.81E-05,1.83E-05,0.99347
703,1102.5,2.71921E+14,1.81E-05,1.81E-05,0.99993
704,1107.5,2.70693E+14,1.80E-05,1.80E-05,0.99998
705,1112.5,2.69476E+14,1.79E-05,1.79E-05,0.9999
706,1117.5,2.68271E+14,1.78E-05,1.78E-05,0.99995
707,1122.5,2.67076E+14,1.77E-05,1.77E-05,0.99998
708,1127.5,2.65891E+14,1.76E-05,1.76E-05,0.99708
709,1132.5,2.64717E+14,1.75E-05,1.75E-05,0.99763
710,1137.5,2.63554E+14,1.74E-05,1.74E-05,0.99982
711,1142.5,2.624E+14,1.73E-05,1.73E-05,0.99973
712,1147.5,2.61257E+14,1.72E-05,1.72E-05,0.99997
713,1152.5,2.60124E+14,1.71E-05,1.71E-05,0.99999
714,1157.5,2.59E+14,1.70E-05,1.70E-05,0.99997
715,1162.5,2.57886E+14,1.69E-05,1.69E-05,0.99933
716,1167.5,2.56782E+14,1.67E-05,1.68E-05,0.99836
717,1172.5,2.55687E+14,1.67E-05,1.67E-05,0.99997
718,1177.5,2.54601E+14,1.65E-05,1.66E-05,0.99661
719,1182.5,2.53524E+14,1.65E-05,1.65E-05,0.99868
720,1187.5,2.52457E+14,1.64E-05,1.64E-05,0.99896
721,1192.5,2.51398E+14,1.63E-05,1.63E-05,1
722,1197.5,2.50349E+14,1.62E-05,1.62E-05,0.99902
723,1202.5,2.49308E+14,1.61E-05,1.61E-05,0.99987
724,1207.5,2.48275E+14,1.60E-05,1.60E-05,0.99978
725,1212.5,2.47252E+14,1.59E-05,1.59E-05,0.99981
726,1217.5,2.46236E+14,1.58E-05,1.58E-05,0.99994
727,1222.5,2.45229E+14,1.57E-05,1.57E-05,0.99992
728,1227.5,2.4423E+14,1.56E-05,1.56E-05,0.99979
729,1232.5,2.43239E+14,1.55E-05,1.55E-05,0.99984
730,1237.5,2.42257E+14,1.55E-05,1.55E-05,0.99989
731,1242.5,2.41282E+14,1.54E-05,1.54E-05,0.99999
732,1247.5,2.40315E+14,1.53E-05,1.53E-05,0.99954
733,1252.5,2.39355E+14,1.52E-05,1.52E-05,0.99993
734,1257.5,2.38404E+14,1.51E-05,1.51E-05,0.99945
735,1262.5,2.37459E+14,1.50E-05,1.50E-05,0.99963
736,1267.5,2.36523E+14,1.49E-05,1.49E-05,0.99998
737,1272.5,2.35593E+14,1.48E-05,1.48E-05,0.99999
738,1277.5,2.34671E+14,1.47E-05,1.48E-05,0.99824
739,1282.5,2.33756E+14,1.37E-05,1.47E-05,0.93381
740,1287.5,2.32849E+14,1.46E-05,1.46E-05,0.9992
741,1292.5,2.31948E+14,1.45E-05,1.45E-05,0.99998
742,1297.5,2.31054E+14,1.44E-05,1.44E-05,0.99997
743,1302.5,2.30167E+14,1.44E-05,1.44E-05,0.99999
744,1307.5,2.29287E+14,1.43E-05,1.43E-05,0.99999
745,1312.5,2.28413E+14,1.42E-05,1.42E-05,0.99998
746,1317.5,2.27547E+14,1.41E-05,1.41E-05,0.99946
747,1322.5,2.26686E+14,1.40E-05,1.40E-05,0.99999
748,1327.5,2.25832E+14,1.40E-05,1.40E-05,0.99999
749,1332.5,2.24985E+14,1.39E-05,1.39E-05,0.99999
750,1337.5,2.24144E+14,1.38E-05,1.38E-05,0.99999
751,1342.5,2.23309E+14,1.37E-05,1.37E-05,0.99997
752,1347.5,2.22481E+14,1.37E-05,1.37E-05,0.99992
753,1352.5,2.21658E+14,1.36E-05,1.36E-05,0.99972
754,1357.5,2.20842E+14,1.35E-05,1.35E-05,0.99986
755,1362.5,2.20031E+14,1.34E-05,1.34E-05,0.9999
756,1367.5,2.19227E+14,1.34E-05,1.34E-05,0.99979
757,1372.5,2.18428E+14,1.33E-05,1.33E-05,0.9994
758,1377.5,2.17635E+14,1.32E-05,1.32E-05,0.99991
759,1382.5,2.16848E+14,1.31E-05,1.32E-05,0.99992
760,1387.5,2.16067E+14,1.31E-05,1.31E-05,1
761,1392.5,2.15291E+14,1.30E-05,1.30E-05,0.9999
762,1397.5,2.14521E+14,1.29E-05,1.29E-05,0.99998
763,1402.5,2.13756E+14,1.29E-05,1.29E-05,0.99999
764,1407.5,2.12996E+14,1.28E-05,1.28E-05,1
765,1412.5,2.12243E+14,1.27E-05,1.27E-05,0.99998
766,1417.5,2.11494E+14,1.27E-05,1.27E-05,0.99998
767,1422.5,2.1075E+14,1.26E-05,1.26E-05,0.99998
768,1427.5,2.10012E+14,1.25E-05,1.25E-05,0.99999
769,1432.5,2.09279E+14,1.25E-05,1.25E-05,0.99998
770,1437.5,2.08551E+14,1.24E-05,1.24E-05,0.99999
771,1442.5,2.07828E+14,1.23E-05,1.23E-05,0.99842
772,1447.5,2.07111E+14,1.23E-05,1.23E-05,0.99998
773,1452.5,2.06398E+14,1.22E-05,1.22E-05,0.9992
774,1457,2.0576E+14,1.22E-05,1.22E-05,0.99997
775,1462,2.05056E+14,1.21E-05,1.28E-05,0.94404
776,1467.5,2.04288E+14,1.21E-05,1.28E-05,0.94477
777,1472.5,2.03594E+14,1.20E-05,1.27E-05,0.9451
778,1477.5,2.02905E+14,1.19E-05,1.26E-05,0.94497
779,1482.5,2.02221E+14,1.19E-05,1.26E-05,0.94519
780,1487.5,2.01541E+14,1.18E-05,1.25E-05,0.94398
781,1492.5,2.00866E+14,1.17E-05,1.24E-05,0.94328
782,1497.5,2.00195E+14,1.17E-05,1.24E-05,0.9444
783,1502.5,1.99529E+14,1.15E-05,1.23E-05,0.93812
784,1507.5,1.98867E+14,1.15E-05,1.22E-05,0.94115
785,1512.5,1.9821E+14,1.14E-05,1.22E-05,0.94033
786,1517.5,1.97557E+14,1.14E-05,1.21E-05,0.94183
787,1522.5,1.96908E+14,1.15E-05,1.20E-05,0.95817
788,1527.5,1.96264E+14,1.12E-05,1.20E-05,0.93654
789,1532.5,1.95623E+14,1.12E-05,1.19E-05,0.93995
790,1537.5,1.94987E+14,1.14E-05,1.19E-05,0.96328
791,1542.5,1.94355E+14,1.10E-05,1.18E-05,0.93524
792,1547.5,1.93727E+14,1.14E-05,1.17E-05,0.97042
793,1552.5,1.93103E+14,1.14E-05,1.17E-05,0.9751
794,1557.5,1.92483E+14,1.08E-05,1.16E-05,0.93321
795,1562.5,1.91867E+14,1.14E-05,1.16E-05,0.98336
796,1567.5,1.91255E+14,1.12E-05,1.15E-05,0.97346
797,1572.5,1.90647E+14,1.08E-05,1.15E-05,0.94128
798,1577.5,1.90043E+14,1.13E-05,1.14E-05,0.99025
799,1582.5,1.89442E+14,1.13E-05,1.13E-05,0.99232
800,1587.5,1.88846E+14,1.05E-05,1.13E-05,0.93111
801,1592.5,1.88253E+14,1.11E-05,1.12E-05,0.99326
802,1597.5,1.87664E+14,1.12E-05,1.12E-05,0.99988
803,1605,1.86787E+14,1.11E-05,1.11E-05,0.99703
804,1615,1.8563E+14,1.06E-05,1.10E-05,0.96631
805,1625,1.84488E+14,1.09E-05,1.09E-05,0.99999
806,1635,1.83359E+14,1.07E-05,1.08E-05,0.99629
807,1645,1.82245E+14,1.03E-05,1.07E-05,0.96718
808,1655,1.81144E+14,1.06E-05,1.06E-05,0.99998
809,1665,1.80056E+14,1.05E-05,1.05E-05,0.99995
810,1675,1.78981E+14,1.03E-05,1.04E-05,0.99576
811,1685,1.77918E+14,9.92E-06,1.03E-05,0.96731
812,1695,1.76869E+14,1.02E-05,1.02E-05,0.99992
813,1705,1.75831E+14,1.01E-05,1.01E-05,0.99989
814,1715,1.74806E+14,9.97E-06,9.97E-06,0.99997
815,1725,1.73793E+14,9.87E-06,9.87E-06,0.99976
816,1735,1.72791E+14,9.42E-06,9.78E-06,0.9636
817,1745,1.71801E+14,9.68E-06,9.69E-06,0.99892
818,1755,1.70822E+14,9.60E-06,9.60E-06,0.99973
819,1765,1.69854E+14,9.51E-06,9.51E-06,0.99973
820,1775,1.68897E+14,9.42E-06,9.42E-06,0.99985
821,1785,1.67951E+14,9.34E-06,9.34E-06,0.99986
822,1795,1.67015E+14,9.25E-06,9.25E-06,0.99999
823,1805,1.6609E+14,9.16E-06,9.17E-06,0.99924
824,1815,1.65175E+14,8.77E-06,9.09E-06,0.96554
825,1825,1.6427E+14,8.98E-06,9.00E-06,0.99751
826,1835,1.63375E+14,8.92E-06,8.92E-06,0.99992
827,1845,1.62489E+14,8.84E-06,8.84E-06,0.99998
828,1855,1.61613E+14,8.76E-06,8.77E-06,0.99981
829,1865,1.60747E+14,8.69E-06,8.69E-06,0.99984
830,1875,1.59889E+14,8.26E-06,8.61E-06,0.95939
831,1885,1.59041E+14,8.53E-06,8.54E-06,0.99915
832,1895,1.58202E+14,8.46E-06,8.46E-06,0.99979
833,1905,1.57371E+14,8.39E-06,8.39E-06,0.99999
834,1915,1.5655E+14,8.32E-06,8.32E-06,0.99999
835,1925,1.55736E+14,8.24E-06,8.24E-06,0.99998
836,1935,1.54932E+14,8.17E-06,8.17E-06,0.9999
837,1945,1.54135E+14,7.82E-06,8.10E-06,0.96459
838,1955,1.53347E+14,8.03E-06,8.04E-06,0.9999
839,1965,1.52566E+14,7.97E-06,7.97E-06,0.99999
840,1975,1.51794E+14,7.90E-06,7.90E-06,0.99994
841,1985,1.51029E+14,7.83E-06,7.83E-06,0.99999
842,1995,1.50272E+14,7.77E-06,7.77E-06,0.99999
843,2005,1.49522E+14,7.70E-06,7.70E-06,1
844,2015,1.4878E+14,7.64E-06,7.64E-06,0.99999
845,2025,1.48046E+14,7.58E-06,7.58E-06,0.99999
846,2035,1.47318E+14,7.51E-06,7.51E-06,0.99999
847,2045,1.46598E+14,7.45E-06,7.45E-06,1
848,2055,1.45884E+14,7.39E-06,7.39E-06,0.99999
849,2065,1.45178E+14,7.33E-06,7.33E-06,0.99997
850,2075,1.44478E+14,7.27E-06,7.27E-06,0.99999
851,2085,1.43785E+14,7.21E-06,7.21E-06,0.99999
852,2095,1.43099E+14,7.16E-06,7.16E-06,0.99999
853,2105,1.42419E+14,7.10E-06,7.10E-06,0.99997
854,2115,1.41746E+14,7.04E-06,7.04E-06,0.99985
855,2125,1.41079E+14,6.98E-06,6.99E-06,0.99982
856,2135,1.40418E+14,6.93E-06,6.93E-06,0.99985
857,2145,1.39763E+14,6.88E-06,6.88E-06,0.99995
858,2155,1.39115E+14,6.82E-06,6.82E-06,0.99997
859,2165,1.38472E+14,6.53E-06,6.77E-06,0.96485
860,2175,1.37836E+14,6.71E-06,6.72E-06,0.99923
861,2185,1.37205E+14,6.66E-06,6.66E-06,0.99998
862,2195,1.3658E+14,6.61E-06,6.61E-06,1
863,2205,1.3596E+14,6.56E-06,6.56E-06,0.99998
864,2215,1.35347E+14,6.51E-06,6.51E-06,0.99987
865,2225,1.34738E+14,6.46E-06,6.46E-06,1
866,2235,1.34135E+14,6.41E-06,6.41E-06,1
867,2245,1.33538E+14,6.36E-06,6.36E-06,1
868,2255,1.32946E+14,6.32E-06,6.32E-06,0.99995
869,2265,1.32359E+14,6.27E-06,6.27E-06,0.99999
870,2275,1.31777E+14,6.22E-06,6.22E-06,0.99999
871,2285,1.312E+14,6.18E-06,6.32E-06,0.97837
872,2295,1.30629E+14,6.13E-06,6.27E-06,0.97859
873,2305,1.30062E+14,6.09E-06,6.22E-06,0.97888
874,2315,1.295E+14,6.05E-06,6.18E-06,0.9791
875,2325,1.28943E+14,6.00E-06,6.13E-06,0.97927
876,2335,1.28391E+14,5.96E-06,6.08E-06,0.97931
877,2345,1.27843E+14,5.91E-06,6.04E-06,0.9791
878,2355,1.273E+14,5.87E-06,5.99E-06,0.97911
879,2365,1.26762E+14,5.82E-06,5.95E-06,0.97856
880,2375,1.26228E+14,5.78E-06,5.91E-06,0.97927
881,2385,1.25699E+14,5.74E-06,5.86E-06,0.97896
882,2395,1.25174E+14,5.70E-06,5.82E-06,0.97848
883,2405,1.24654E+14,5.65E-06,5.78E-06,0.97716
884,2415,1.24138E+14,5.60E-06,5.74E-06,0.97543
885,2425,1.23626E+14,5.61E-06,5.70E-06,0.98492
886,2435,1.23118E+14,5.52E-06,5.66E-06,0.97536
887,2445,1.22615E+14,5.47E-06,5.62E-06,0.97388
888,2455,1.22115E+14,5.50E-06,5.58E-06,0.98592
889,2465,1.2162E+14,5.42E-06,5.54E-06,0.97898
890,2475,1.21128E+14,5.39E-06,5.50E-06,0.97982
891,2485,1.20641E+14,5.41E-06,5.46E-06,0.99096
892,2495,1.20157E+14,5.24E-06,5.42E-06,0.9665
893,2505,1.19678E+14,5.34E-06,5.38E-06,0.99226
894,2515,1.19202E+14,5.31E-06,5.35E-06,0.99302
895,2525,1.1873E+14,5.12E-06,5.31E-06,0.96474
896,2535,1.18261E+14,5.24E-06,5.27E-06,0.99374
897,2545,1.17797E+14,5.21E-06,5.24E-06,0.99515
898,2555,1.17336E+14,5.17E-06,5.20E-06,0.99487
899,2565,1.16878E+14,4.97E-06,5.16E-06,0.9633
900,2575,1.16424E+14,5.11E-06,5.13E-06,0.99634
901,2585,1.15974E+14,5.08E-06,5.09E-06,0.99743
902,2595,1.15527E+14,5.05E-06,5.06E-06,0.99856
903,2605,1.15084E+14,5.00E-06,5.03E-06,0.99582
904,2615,1.14643E+14,4.81E-06,4.99E-06,0.9628
905,2625,1.14207E+14,4.75E-06,4.96E-06,0.95874
906,2635,1.13773E+14,4.92E-06,4.93E-06,0.99834
907,2645,1.13343E+14,4.89E-06,4.89E-06,0.99999
908,2655,1.12916E+14,4.86E-06,4.86E-06,0.99995
909,2665,1.12493E+14,4.82E-06,4.83E-06,0.99919
910,2675,1.12072E+14,4.61E-06,4.80E-06,0.96201
911,2685,1.11655E+14,4.76E-06,4.76E-06,0.99925
912,2695,1.1124E+14,4.73E-06,4.73E-06,0.99999
913,2705,1.10829E+14,4.70E-06,4.70E-06,0.99996
914,2715,1.10421E+14,4.67E-06,4.67E-06,1
915,2725,1.10016E+14,4.64E-06,4.64E-06,1
916,2735,1.09613E+14,4.61E-06,4.61E-06,0.99999
917,2745,1.09214E+14,4.58E-06,4.58E-06,0.99998
918,2755,1.08818E+14,4.40E-06,4.55E-06,0.96595
919,2765,1.08424E+14,4.50E-06,4.52E-06,0.99472
920,2775,1.08033E+14,4.49E-06,4.49E-06,0.99999
921,2785,1.07645E+14,4.47E-06,4.47E-06,1
922,2795,1.0726E+14,4.44E-06,4.44E-06,1
923,2805,1.06878E+14,4.41E-06,4.41E-06,1
924,2815,1.06498E+14,4.38E-06,4.38E-06,1
925,2825,1.06121E+14,4.35E-06,4.35E-06,0.99999
926,2835,1.05747E+14,4.33E-06,4.33E-06,1
927,2845,1.05375E+14,4.30E-06,4.30E-06,0.99997
928,2855,1.05006E+14,4.27E-06,4.27E-06,0.99999
929,2865,1.0464E+14,4.24E-06,4.25E-06,0.99763
930,2875,1.04276E+14,4.07E-06,4.22E-06,0.9639
931,2885,1.03914E+14,4.19E-06,4.19E-06,0.99991
932,2895,1.03555E+14,4.17E-06,4.17E-06,0.99986
933,2905,1.03199E+14,4.14E-06,4.14E-06,1
934,2915,1.02845E+14,4.12E-06,4.12E-06,0.99992
935,2925,1.02493E+14,4.09E-06,4.09E-06,0.99999
936,2935,1.02144E+14,4.07E-06,4.07E-06,0.99999
937,2945,1.01797E+14,4.04E-06,4.04E-06,1
938,2955,1.01453E+14,4.02E-06,4.02E-06,1
939,2965,1.01111E+14,4.00E-06,4.00E-06,1
940,2975,1.00771E+14,3.97E-06,3.97E-06,1
941,2985,1.00433E+14,3.95E-06,3.95E-06,1
942,2995,1.00098E+14,3.92E-06,3.92E-06,1
943,3005,9.97646E+13,3.90E-06,3.90E-06,0.99999
944,3015,9.94337E+13,3.88E-06,3.88E-06,0.99999
945,3025,9.9105E+13,3.85E-06,3.85E-06,0.99998
946,3035,9.87784E+13,3.72E-06,3.83E-06,0.97199
947,3045,9.8454E+13,3.77E-06,3.81E-06,0.99021
948,3055,9.81318E+13,3.79E-06,3.79E-06,0.99998
949,3065,9.78116E+13,3.76E-06,3.76E-06,0.99999
950,3075,9.74935E+13,3.74E-06,3.74E-06,0.99999
951,3085,9.71775E+13,3.72E-06,3.72E-06,0.99989
952,3095,9.68635E+13,3.70E-06,3.70E-06,0.99998
953,3105,9.65515E+13,3.68E-06,3.68E-06,0.99998
954,3115,9.62416E+13,3.66E-06,3.66E-06,0.99997
955,3125,9.59336E+13,3.64E-06,3.64E-06,0.99996
956,3135,9.56276E+13,3.62E-06,3.62E-06,0.99998
957,3145,9.53235E+13,3.59E-06,3.59E-06,0.99994
958,3155,9.50214E+13,3.57E-06,3.57E-06,0.99999
959,3165,9.47212E+13,3.55E-06,3.55E-06,1
960,3175,9.44228E+13,3.53E-06,3.53E-06,0.99998
961,3185,9.41264E+13,3.51E-06,3.51E-06,1
962,3195,9.38318E+13,3.49E-06,3.49E-06,0.99999
963,3210,9.33933E+13,3.46E-06,3.46E-06,0.99999
964,3230,9.2815E+13,3.43E-06,3.43E-06,1
965,3250,9.22439E+13,3.39E-06,3.39E-06,1
966,3270,9.16797E+13,3.35E-06,3.35E-06,0.99999
967,3290,9.11223E+13,3.24E-06,3.35E-06,0.96835
968,3310,9.05718E+13,3.26E-06,3.31E-06,0.98607
969,3330,9.00278E+13,3.24E-06,3.28E-06,0.98783
970,3350,8.94903E+13,3.20E-06,3.24E-06,0.9881
971,3370,8.89592E+13,3.17E-06,3.20E-06,0.9882
972,3390,8.84344E+13,3.13E-06,3.17E-06,0.98843
973,3410,8.79157E+13,3.10E-06,3.14E-06,0.98851
974,3430,8.74031E+13,3.07E-06,3.10E-06,0.98869
975,3450,8.68964E+13,3.04E-06,3.07E-06,0.98878
976,3470,8.63955E+13,3.01E-06,3.04E-06,0.98912
977,3490,8.59004E+13,2.97E-06,3.01E-06,0.98892
978,3510,8.5411E+13,2.94E-06,2.98E-06,0.98934
979,3530,8.49271E+13,2.91E-06,2.95E-06,0.98933
980,3550,8.44486E+13,2.88E-06,2.91E-06,0.98843
981,3570,8.39755E+13,2.85E-06,2.89E-06,0.98758
982,3590,8.35077E+13,2.84E-06,2.86E-06,0.99295
983,3610,8.3045E+13,2.79E-06,2.83E-06,0.98675
984,3630,8.25875E+13,2.78E-06,2.80E-06,0.99376
985,3650,8.21349E+13,2.73E-06,2.77E-06,0.98564
986,3670,8.16873E+13,2.73E-06,2.74E-06,0.99467
987,3690,8.12446E+13,2.67E-06,2.72E-06,0.98406
988,3710,8.08066E+13,2.68E-06,2.69E-06,0.99512
989,3730,8.03733E+13,2.63E-06,2.66E-06,0.98891
990,3750,7.99447E+13,2.56E-06,2.64E-06,0.97025
991,3770,7.95206E+13,2.60E-06,2.61E-06,0.99617
992,3790,7.91009E+13,2.58E-06,2.59E-06,0.9967
993,3810,7.86857E+13,2.53E-06,2.56E-06,0.98677
994,3830,7.82748E+13,2.52E-06,2.54E-06,0.99181
995,3850,7.78682E+13,2.51E-06,2.51E-06,0.99758
996,3870,7.74658E+13,2.48E-06,2.49E-06,0.99781
997,3890,7.70675E+13,2.46E-06,2.46E-06,0.99783
998,3910,7.66733E+13,2.39E-06,2.44E-06,0.98077
999,3930,7.62831E+13,2.42E-06,2.42E-06,0.9999
1000,3950,7.58968E+13,2.40E-06,2.40E-06,0.9999
1001,3970,7.55145E+13,2.37E-06,2.37E-06,0.99998
1002,3990,7.5136E+13,2.35E-06,2.35E-06,0.9999
1003,4010,7.47612E+13,2.32E-06,2.33E-06,0.99392
1004,4030,7.43902E+13,2.28E-06,2.31E-06,0.98598
1005,4050,7.40228E+13,2.24E-06,2.29E-06,0.98096
1006,4070,7.36591E+13,2.27E-06,2.27E-06,0.99997
1007,4090,7.32989E+13,2.25E-06,2.25E-06,0.99998
1008,4110,7.29422E+13,2.23E-06,2.23E-06,1
1009,4130,7.2589E+13,2.21E-06,2.21E-06,1
1010,4150,7.22392E+13,2.19E-06,2.19E-06,0.99998
1011,4170,7.18927E+13,2.12E-06,2.17E-06,0.97989
1012,4190,7.15495E+13,2.15E-06,2.15E-06,0.99991
1013,4210,7.12096E+13,2.13E-06,2.13E-06,0.99998
1014,4230,7.08729E+13,2.11E-06,2.11E-06,1
1015,4250,7.05394E+13,2.09E-06,2.09E-06,1
1016,4270,7.0209E+13,2.08E-06,2.08E-06,1
1017,4290,6.98817E+13,2.06E-06,2.06E-06,1
1018,4310,6.95574E+13,2.04E-06,2.04E-06,1
1019,4330,6.92361E+13,2.02E-06,2.02E-06,1
1020,4350,6.89178E+13,2.00E-06,2.00E-06,0.99999
1021,4370,6.86024E+13,1.95E-06,1.99E-06,0.98173
1022,4390,6.82899E+13,1.97E-06,1.97E-06,0.99823
1023,4410,6.79802E+13,1.95E-06,1.95E-06,0.99999
1024,4430,6.76733E+13,1.94E-06,1.94E-06,1
1025,4450,6.73691E+13,1.92E-06,1.92E-06,1
1026,4470,6.70677E+13,1.91E-06,1.92E-06,0.99703
1027,4490,6.67689E+13,1.89E-06,1.90E-06,0.99512
1028,4510,6.64728E+13,1.87E-06,1.88E-06,0.9952
1029,4530,6.61794E+13,1.86E-06,1.87E-06,0.99525
1030,4550,6.58885E+13,1.84E-06,1.85E-06,0.99532
1031,4570,6.56001E+13,1.83E-06,1.84E-06,0.99537
1032,4590,6.53143E+13,1.81E-06,1.82E-06,0.99541
1033,4610,6.50309E+13,1.80E-06,1.81E-06,0.99544
1034,4630,6.475E+13,1.79E-06,1.79E-06,0.99517
1035,4650,6.44715E+13,1.74E-06,1.78E-06,0.97554
1036,4670,6.41954E+13,1.72E-06,1.77E-06,0.97511
1037,4690,6.39216E+13,1.74E-06,1.75E-06,0.99473
1038,4710,6.36502E+13,1.73E-06,1.74E-06,0.99555
1039,4730,6.33811E+13,1.72E-06,1.72E-06,0.99563
1040,4750,6.31142E+13,1.70E-06,1.71E-06,0.99563
1041,4770,6.28496E+13,1.69E-06,1.70E-06,0.99559
1042,4790,6.25872E+13,1.68E-06,1.68E-06,0.99547
1043,4810,6.23269E+13,1.66E-06,1.67E-06,0.99544
1044,4830,6.20688E+13,1.65E-06,1.66E-06,0.99625
1045,4850,6.18129E+13,1.64E-06,1.64E-06,0.99508
1046,4870,6.1559E+13,1.63E-06,1.63E-06,0.99636
1047,4890,6.13073E+13,1.61E-06,1.62E-06,0.99504
1048,4910,6.10575E+13,1.60E-06,1.61E-06,0.99655
1049,4930,6.08098E+13,1.59E-06,1.59E-06,0.99447
1050,4950,6.05641E+13,1.58E-06,1.58E-06,0.99711
1051,4970,6.03204E+13,1.56E-06,1.57E-06,0.99338
1052,4990,6.00787E+13,1.55E-06,1.56E-06,0.99725
1053,5010,5.98388E+13,1.54E-06,1.55E-06,0.99713
1054,5030,5.96009E+13,1.52E-06,1.54E-06,0.99249
1055,5050,5.93649E+13,1.52E-06,1.52E-06,0.99758
1056,5070,5.91307E+13,1.51E-06,1.51E-06,0.99759
1057,5090,5.88983E+13,1.49E-06,1.50E-06,0.99092
1058,5110,5.86678E+13,1.49E-06,1.49E-06,0.9969
1059,5130,5.84391E+13,1.45E-06,1.48E-06,0.97785
1060,5150,5.82121E+13,1.47E-06,1.47E-06,0.99731
1061,5170,5.79869E+13,1.44E-06,1.46E-06,0.9892
1062,5190,5.77635E+13,1.45E-06,1.45E-06,0.99891
1063,5210,5.75418E+13,1.44E-06,1.44E-06,0.99997
1064,5230,5.73217E+13,1.43E-06,1.43E-06,0.99997
1065,5250,5.71033E+13,1.41E-06,1.42E-06,0.9976
1066,5270,5.68866E+13,1.39E-06,1.41E-06,0.98816
1067,5290,5.66716E+13,1.40E-06,1.40E-06,0.99997
1068,5310,5.64581E+13,1.39E-06,1.39E-06,0.99998
1069,5330,5.62463E+13,1.38E-06,1.38E-06,0.99998
1070,5350,5.6036E+13,1.37E-06,1.37E-06,0.99997
1071,5370,5.58273E+13,1.35E-06,1.36E-06,0.99147
1072,5390,5.56201E+13,1.34E-06,1.35E-06,0.99301
1073,5410,5.54145E+13,1.34E-06,1.34E-06,0.99998
1074,5430,5.52104E+13,1.33E-06,1.33E-06,0.99998
1075,5450,5.50078E+13,1.32E-06,1.32E-06,0.99998
1076,5470,5.48067E+13,1.31E-06,1.31E-06,0.99998
1077,5490,5.4607E+13,1.30E-06,1.30E-06,0.99998
1078,5510,5.44088E+13,1.29E-06,1.29E-06,0.99864
1079,5530,5.4212E+13,1.26E-06,1.28E-06,0.98397
1080,5550,5.40167E+13,1.28E-06,1.28E-06,0.99998
1081,5570,5.38227E+13,1.27E-06,1.27E-06,0.99998
1082,5590,5.36301E+13,1.26E-06,1.26E-06,0.99997
1083,5610,5.3439E+13,1.25E-06,1.25E-06,0.99998
1084,5630,5.32491E+13,1.24E-06,1.24E-06,0.99999
1085,5650,5.30606E+13,1.23E-06,1.23E-06,0.99999
1086,5670,5.28735E+13,1.23E-06,1.23E-06,0.99999
1087,5690,5.26876E+13,1.22E-06,1.22E-06,0.99997
1088,5710,5.25031E+13,1.19E-06,1.21E-06,0.98143
1089,5730,5.23198E+13,1.20E-06,1.20E-06,0.99955
1090,5750,5.21378E+13,1.19E-06,1.19E-06,0.99999
1091,5770,5.19571E+13,1.19E-06,1.19E-06,0.99999
1092,5790,5.17776E+13,1.18E-06,1.18E-06,0.99999
1093,5810,5.15994E+13,1.17E-06,1.17E-06,0.99999
1094,5830,5.14224E+13,1.16E-06,1.16E-06,0.99941
1095,5850,5.12466E+13,1.15E-06,1.16E-06,0.99712
1096,5870,5.1072E+13,1.15E-06,1.15E-06,0.99709
1097,5890,5.08986E+13,1.14E-06,1.14E-06,0.99627
1098,5910,5.07263E+13,1.11E-06,1.14E-06,0.97688
1099,5930,5.05552E+13,1.12E-06,1.13E-06,0.99654
1100,5950,5.03853E+13,1.10E-06,1.12E-06,0.97943
1101,5970,5.02165E+13,1.11E-06,1.11E-06,0.99412
1102,5990,5.00488E+13,1.10E-06,1.11E-06,0.99734
1103,6010,4.98823E+13,1.10E-06,1.10E-06,0.9975
1104,6030,4.97168E+13,1.09E-06,1.09E-06,0.99757
1105,6050,4.95525E+13,1.08E-06,1.09E-06,0.9976
1106,6070,4.93892E+13,1.08E-06,1.08E-06,0.99763
1107,6090,4.9227E+13,1.07E-06,1.07E-06,0.99765
1108,6110,4.90659E+13,1.06E-06,1.07E-06,0.99766
1109,6130,4.89058E+13,1.06E-06,1.06E-06,0.99768
1110,6150,4.87468E+13,1.05E-06,1.05E-06,0.99769
1111,6170,4.85887E+13,1.04E-06,1.05E-06,0.99771
1112,6190,4.84317E+13,1.04E-06,1.04E-06,0.99772
1113,6210,4.82758E+13,1.03E-06,1.03E-06,0.99774
1114,6230,4.81208E+13,1.03E-06,1.03E-06,0.9977
1115,6250,4.79668E+13,1.02E-06,1.02E-06,0.99759
1116,6270,4.78138E+13,1.01E-06,1.02E-06,0.9972
1117,6290,4.76618E+13,9.86E-07,1.01E-06,0.97726
1118,6310,4.75107E+13,9.99E-07,1.00E-06,0.99654
1119,6330,4.73606E+13,9.95E-07,9.97E-07,0.9978
1120,6350,4.72114E+13,9.88E-07,9.91E-07,0.9975
1121,6370,4.70632E+13,9.84E-07,9.85E-07,0.99916
1122,6390,4.69159E+13,9.77E-07,9.79E-07,0.9979
1123,6420,4.66967E+13,9.69E-07,9.70E-07,0.99911
1124,6460,4.64075E+13,9.58E-07,9.59E-07,0.99863
1125,6500,4.61219E+13,9.46E-07,9.48E-07,0.99825
1126,6540,4.58398E+13,9.36E-07,9.37E-07,0.99936
1127,6580,4.55612E+13,9.24E-07,9.26E-07,0.99834
1128,6620,4.52859E+13,9.14E-07,9.15E-07,0.99848
1129,6660,4.50139E+13,9.04E-07,9.05E-07,0.99912
1130,6700,4.47452E+13,8.94E-07,8.94E-07,0.99931
1131,6740,4.44796E+13,8.82E-07,8.84E-07,0.99721
1132,6780,4.42172E+13,8.64E-07,8.74E-07,0.98798
1133,6820,4.39578E+13,8.62E-07,8.64E-07,0.99681
1134,6860,4.37015E+13,8.55E-07,8.55E-07,0.99997
1135,6900,4.34482E+13,8.45E-07,8.45E-07,0.99997
1136,6940,4.31978E+13,8.33E-07,8.36E-07,0.99609
1137,6980,4.29502E+13,8.27E-07,8.27E-07,0.99997
1138,7020,4.27055E+13,8.18E-07,8.18E-07,0.99998
1139,7060,4.24635E+13,8.09E-07,8.09E-07,0.99997
1140,7100,4.22243E+13,7.96E-07,8.00E-07,0.995
1141,7140,4.19878E+13,7.92E-07,7.92E-07,0.99998
1142,7180,4.17538E+13,7.83E-07,7.83E-07,0.99998
1143,7220,4.15225E+13,7.75E-07,7.75E-07,0.99997
1144,7260,4.12937E+13,7.62E-07,7.67E-07,0.99408
1145,7300,4.10675E+13,7.59E-07,7.59E-07,0.99977
1146,7340,4.08437E+13,7.51E-07,7.51E-07,0.99999
1147,7380,4.06223E+13,7.43E-07,7.43E-07,0.99923
1148,7420,4.04033E+13,7.34E-07,7.35E-07,0.9978
1149,7460,4.01867E+13,7.18E-07,7.28E-07,0.98627
1150,7500,3.99723E+13,7.02E-07,7.21E-07,0.97441
1151,7540,3.97603E+13,7.11E-07,7.13E-07,0.99748
1152,7580,3.95505E+13,7.06E-07,7.06E-07,0.9999
1153,7620,3.93429E+13,6.99E-07,6.99E-07,0.99997
1154,7660,3.91374E+13,6.92E-07,6.92E-07,0.99997
1155,7700,3.89341E+13,6.85E-07,6.85E-07,0.99997
1156,7740,3.87329E+13,6.78E-07,6.78E-07,0.9998
1157,7780,3.85337E+13,6.65E-07,6.72E-07,0.99
1158,7820,3.83366E+13,6.65E-07,6.65E-07,0.9998
1159,7860,3.81415E+13,6.59E-07,6.59E-07,0.99997
1160,7900,3.79484E+13,6.52E-07,6.52E-07,0.99997
1161,7940,3.77572E+13,6.46E-07,6.46E-07,0.99997
1162,7980,3.7568E+13,6.40E-07,6.40E-07,0.99997
1163,8020,3.73806E+13,6.34E-07,6.34E-07,0.99997
1164,8060,3.71951E+13,6.28E-07,6.28E-07,0.99997
1165,8100,3.70114E+13,6.22E-07,6.22E-07,0.99997
1166,8140,3.68296E+13,6.10E-07,6.16E-07,0.99029
1167,8180,3.66495E+13,6.09E-07,6.10E-07,0.99811
1168,8220,3.64711E+13,6.04E-07,6.04E-07,0.9999
1169,8260,3.62945E+13,5.99E-07,5.99E-07,0.99997
1170,8300,3.61196E+13,5.93E-07,5.93E-07,0.99959
1171,8340,3.59463E+13,5.88E-07,5.88E-07,0.99998
1172,8380,3.57748E+13,5.82E-07,5.82E-07,0.99935
1173,8420,3.56048E+13,5.77E-07,5.77E-07,0.99998
1174,8460,3.54365E+13,5.72E-07,5.72E-07,0.99997
1175,8500,3.52697E+13,5.66E-07,5.67E-07,0.99926
1176,8540,3.51045E+13,5.61E-07,5.61E-07,0.99998
1177,8580,3.49409E+13,5.56E-07,5.56E-07,0.99891
1178,8620,3.47787E+13,5.51E-07,5.51E-07,0.99997
1179,8660,3.46181E+13,5.40E-07,5.47E-07,0.9881
1180,8700,3.44589E+13,5.41E-07,5.42E-07,0.99914
1181,8740,3.43012E+13,5.33E-07,5.37E-07,0.99318
1182,8780,3.41449E+13,5.29E-07,5.32E-07,0.99386
1183,8820,3.39901E+13,5.28E-07,5.28E-07,0.99999
1184,8860,3.38366E+13,5.22E-07,5.23E-07,0.9981
1185,8900,3.36846E+13,5.18E-07,5.18E-07,0.99997
1186,8940,3.35338E+13,5.14E-07,5.14E-07,0.99999
1187,8980,3.33845E+13,5.10E-07,5.10E-07,0.99999
1188,9020,3.32364E+13,5.05E-07,5.05E-07,0.99979
1189,9060,3.30897E+13,5.00E-07,5.01E-07,0.99761
1190,9100,3.29442E+13,4.97E-07,4.97E-07,0.99998
1191,9140,3.28001E+13,4.92E-07,4.92E-07,0.99998
1192,9180,3.26571E+13,4.88E-07,4.88E-07,0.99998
1193,9220,3.25155E+13,4.84E-07,4.84E-07,0.99997
1194,9260,3.2375E+13,4.78E-07,4.80E-07,0.99576
1195,9300,3.22358E+13,4.76E-07,4.76E-07,0.99997
1196,9340,3.20977E+13,4.72E-07,4.72E-07,0.99997
1197,9380,3.19608E+13,4.63E-07,4.68E-07,0.98791
1198,9420,3.18251E+13,4.64E-07,4.65E-07,0.99869
1199,9460,3.16905E+13,4.61E-07,4.61E-07,0.99998
1200,9500,3.15571E+13,4.56E-07,4.57E-07,0.99817
1201,9540,3.14248E+13,4.52E-07,4.53E-07,0.99643
1202,9580,3.12936E+13,4.50E-07,4.50E-07,0.99998
1203,9620,3.11635E+13,4.46E-07,4.46E-07,0.99998
1204,9660,3.10344E+13,4.42E-07,4.42E-07,0.99998
1205,9700,3.09064E+13,4.39E-07,4.39E-07,0.99998
1206,9740,3.07795E+13,4.35E-07,4.35E-07,0.99998
1207,9780,3.06536E+13,4.32E-07,4.32E-07,0.99998
1208,9820,3.05288E+13,4.28E-07,4.29E-07,0.99918
1209,9860,3.04049E+13,4.23E-07,4.25E-07,0.99397
1210,9900,3.02821E+13,4.22E-07,4.22E-07,0.99998
1211,9940,3.01602E+13,4.19E-07,4.19E-07,0.99998
1212,9980,3.00393E+13,4.15E-07,4.15E-07,0.99998
1213,10020,2.99194E+13,4.12E-07,4.12E-07,0.99998
1214,20000,1.49896E+13,1.06E-07,1.06E-07,1
1215,40000,7.49481E+12,2.66E-08,2.66E-08,1
1216,60000,4.99654E+12,1.17E-08,1.17E-08,1
1217,80000,3.74741E+12,6.57E-09,6.57E-09,1
1218100000,2.99793E+12,4.18E-09,4.18E-09,1,
1219120000,2.49827E+12,2.89E-09,2.89E-09,1,
1220140000,2.14138E+12,2.11E-09,2.11E-09,1,
1221160000,1.8737E+12,1.61E-09,1.61E-09,1,
